<!DOCTYPE ejb-jar PUBLIC '-//Sun Microsystems, Inc.//DTD Enterprise JavaBeans 1.1//EN' 'http://java.sun.com/j2ee/dtds/ejb-jar_1_1.dtd'>
     <ejb-jar>
       <enterprise-beans>
         <message-driven>
           <ejb-name>PATU MDB</ejb-name>
           <ejb-class>com.ope.patu.beans.MDBBean</ejb-class>
           <message-selector></message-selector>
           <transaction-type>Container</transaction-type>
           <message-driven-destination>
             <destination-type>javax.jms.Topic</destination-type>
             <subscription-durability>NonDurable</subscription-durability>
           </message-driven-destination>
         </message-driven>
       </enterprise-beans>
     </ejb-jar>
