<Server port="8005" shutdown="SHUTDOWN">

  <Service name="Catalina">
    <Connector port="8080" />

    <Engine name="Catalina" defaultHost="localhost">

      <Host name="localhost" appBase="webapps" >
      
				<Context path="/dbcp-example" docBase="dbcp-example"
								debug="5" reloadable="true" crossContext="true">

					<Resource name="jdbc/dbcpExampleCPDS"
											 auth="Container"
											 type="com.mysql.jdbc.jdbc2.optional.MySqlConnectionPoolDataSource"/>


					<Resource name="jdbc/dbcpExample"
											 auth="Container"
											 type="org.apache.commons.dbcp.datasources.PerUserPoolDataSource"/>

					<ResourceParams name="jdbc/dbcpExample">
						
						<parameter>
							<name>factory</name>
							<value>
							  org.apache.commons.dbcp.datasources.PerUserPoolDataSourceFactory
							</value>
						</parameter>
						
						<parameter>
						  <name>dataSourceName</name>
						  <value>java:comp/env/jdbc/dbcpExampleCPDS</value>
						</parameter>
						
						<parameter>
							<name>url</name>
							<value>jdbc:mysql://localhost/commons</value>
						</parameter>						
						
						<parameter>
						 <name>username</name>
						 <value>root</value>
						</parameter>
						
						<parameter>
						 <name>password</name>
						 <value></value>
						</parameter>
						
						<parameter>
							<name>maxActive</name>
							<value>5</value>
						</parameter>
						
					</ResourceParams>
				</Context>

      </Host>
    </Engine>
  </Service>
</Server>
