<Server port="8005" shutdown="SHUTDOWN">

  <Service name="Catalina">
    <Connector port="8080" />

    <Engine name="Catalina" defaultHost="localhost">

      <Host name="localhost" appBase="webapps" >
      
				<Context path="/dbcp-example" docBase="dbcp-example"
								debug="5" reloadable="true" crossContext="true">

					<Resource name="jdbc/dbcpExample"
											 auth="Container"
											 type="javax.sql.DataSource"/>

					<ResourceParams name="jdbc/dbcpExample">
						
						<parameter>
							<name>factory</name>
							<value>
							  org.apache.commons.dbcp.BasicDataSourceFactory
							</value>
						</parameter>
						
						<parameter>
							<name>driverClassName</name>
							<value>com.mysql.jdbc.Driver</value>
						</parameter>
						
						<parameter>
							<name>url</name>
							<value>jdbc:mysql://localhost/commons</value>
						</parameter>						
						
						<parameter>
						 <name>username</name>
						 <value>root</value>
						</parameter>
						
						<parameter>
						 <name>password</name>
						 <value></value>
						</parameter>
						
						<parameter>
							<name>maxActive</name>
							<value>5</value>
						</parameter>
						
					</ResourceParams>
				</Context>

      </Host>
    </Engine>
  </Service>
</Server>
