<Server port="8005" shutdown="SHUTDOWN">

  <Service name="Catalina">
    <Connector port="8080" />

    <Engine name="Catalina" defaultHost="localhost">

      <Host name="localhost" appBase="webapps" >
      
				<Context path="/dbcp-example" docBase="dbcp-example"
								debug="5" reloadable="true" crossContext="true">

					<Resource name="jdbc/dbcpExampleCPDS"
											 auth="Container"
											 type="com.mysql.jdbc.jdbc2.optional.MysqlConnectionPoolDataSource"/>
					
					<ResourceParams name="jdbc/dbcpExampleCPDS">

						<parameter>
							<name>factory</name>
							<value>com.mysql.jdbc.jdbc2.optional.MysqlDataSourceFactory</value>
						</parameter>

						<parameter>
							<name>serverName</name>
							<value>localhost</value>
						</parameter>						

						<parameter>
							<name>databaseName</name>
							<value>commons</value>
						</parameter>						

						<parameter>
							<name>port</name>
							<value>3306</value>
						</parameter>

						<parameter>
							<name>explicitUrl</name>
							<value>false</value>
						</parameter>
						
						<parameter>
						 <name>user</name>
						 <value>root</value>
						</parameter>

						<parameter>
						 <name>password</name>
						 <value>password</value>
						</parameter>						
						

					</ResourceParams>


					<Resource name="jdbc/dbcpExample"
											 auth="Container"
											 type="org.apache.commons.dbcp.datasources.PerUserPoolDataSource"/>

					<ResourceParams name="jdbc/dbcpExample">
						
						<parameter>
							<name>factory</name>
							<value>
							  org.apache.commons.dbcp.datasources.PerUserPoolDataSourceFactory
							</value>
						</parameter>
						
						<parameter>
						  <name>dataSourceName</name>
						  <value>java:comp/env/jdbc/dbcpExampleCPDS</value>
						</parameter>
						
					</ResourceParams>
				</Context>

      </Host>
    </Engine>
  </Service>
</Server>
