<?xml version="1.0"?>
  <!DOCTYPE ejb-jar PUBLIC "-//Sun Microsystems, Inc.//DTD Enterprise JavaBeans 1.1//EN" "http://java.sun.com/j2ee/dtds/ejb-jar_1_1.dtd">
    <ejb-jar>
      <display-name>JMXBook</display-name>

      <enterprise-beans>

        <entity>
          <description>Example MBean</description>
          <ejb-name>UserInfoBean</ejb-name>
          <home>jmxbook.ch14.UserInfoHome</home>
          <remote>jmxbook.ch14.UserInfo</remote>
          <ejb-class>jmxbook.ch14.UserInfoBean</ejb-class>
          <persistence-type>Bean</persistence-type>
          <prim-key-class>java.lang.String</prim-key-class>
          <reentrant>False</reentrant>
        </entity>

        <entity>
          <description>Workflow MBean</description>
          <ejb-name>WorkflowBean</ejb-name>
          <home>jmxbook.ch14.WorkflowHome</home>
          <remote>jmxbook.ch14.Workflow</remote>
          <ejb-class>jmxbook.ch14.WorkflowBean</ejb-class>
          <persistence-type>Bean</persistence-type>
          <prim-key-class>java.lang.String</prim-key-class>
          <reentrant>False</reentrant>
        </entity>

      </enterprise-beans>

      <assembly-descriptor>
        <container-transaction>
          <method>
            <ejb-name>UserInfoBean</ejb-name>
            <method-name>*</method-name>
          </method>
          <trans-attribute>Required</trans-attribute>
        </container-transaction>

        <container-transaction>
          <method>
            <ejb-name>WorkflowBean</ejb-name>
            <method-name>*</method-name>
          </method>
          <trans-attribute>Required</trans-attribute>
        </container-transaction>
      </assembly-descriptor>

    </ejb-jar>

