<?xml version="1.0" encoding="UTF-8"?>


<!-- ===================================================================== -->
<!--                                                                       -->
<!--  JBoss Server Configuration                                           -->
<!--                                                                       -->
<!-- ===================================================================== -->

<!-- $Id: core-service.xml,v 1.1 2001/09/13 02:39:50 chirino Exp $ -->

<!-- 
   |  This is where you can add and configure your MBeans.
   |
   |  *ATTENTION*
   |
   |  The order of the listing here is the same order as
   |  the MBeans are loaded. Therefore if a MBean depends on another
   |  MBean to be loaded and started it has to be listed after all
   |  the MBeans it depends on.
  -->


<server>

  <!-- ==================================================================== -->
  <!-- Class Loading                                                        -->
  <!-- ==================================================================== -->

  <mbean code="org.jboss.web.WebService"
	 name="JBOSS-SYSTEM:service=Webserver">
    <attribute name="Port">8083</attribute>
  </mbean>

  <!-- ==================================================================== -->
  <!-- JNDI                                                                 -->
  <!-- ==================================================================== -->

  <mbean code="org.jboss.naming.NamingService"
	 name="JBOSS-SYSTEM:service=Naming">
    <attribute name="Port">1099</attribute>
  </mbean>
  <mbean code="org.jboss.naming.JNDIView" 
	 name="JBOSS-SYSTEM:service=JNDIView"/>

  <!-- ==================================================================== -->
  <!-- Add your custom MBeans here                                          -->
  <!-- ==================================================================== -->

</server>
