<?xml version="1.0" encoding="UTF-8"?>


<!-- ===================================================================== -->
<!--                                                                       -->
<!--  JBoss Server Configuration                                           -->
<!--                                                                       -->
<!-- ===================================================================== -->

<!-- $Id: jbossmq-service.xml,v 1.7 2001/10/28 01:27:00 chirino Exp $ -->

<!-- 
   |  This is where you can add and configure your MBeans.
   |
   |  *ATTENTION*
   |
   |  The order of the listing here is the same order as
   |  the MBeans are loaded. Therefore if a MBean depends on another
   |  MBean to be loaded and started it has to be listed after all
   |  the MBeans it depends on.
  -->


<server>

  <depends>JBOSS-SYSTEM:service=Naming</depends>

  <classpath archives="
    jbossmq.jar
      "/>

  <!-- ==================================================================== -->
  <!-- JBossMQ                                                              -->
  <!-- ==================================================================== -->

  <mbean code="org.jboss.mq.server.JBossMQService"
	 name="JBossMQ:service=Server"/>
	 
  <!-- 
     | The MessageCache decides where to put JBossMQ message that
     | are sitting around waiting to be consumed by a client.
     |
     | The memory marks are in Megabytes.  Once the JVM memory usage hits
     | the high memory mark, the old messages in the cache will start getting
     | stored in the DataDirectory.  As memory usage gets closer to the 
     | Max memory mark, the amount of message kept in the memory cache aproaches 0.
   -->
  <mbean code="org.jboss.mq.server.MessageCache" 
	 name="JBossMQ:service=MessageCache">
    <attribute name="HighMemoryMark">500</attribute>
    <attribute name="MaxMemoryMark">600</attribute>
    <attribute name="DataDirectory">tmp/jbossmq</attribute>
  </mbean>

  <!-- 
     | The StateManager is used to keep JMS perisitent state data.
     | For example: what durable subscriptions are active. 
   -->
  <mbean code="org.jboss.mq.server.StateManager" 
	 name="JBossMQ:service=StateManager">
    <attribute name="StateFile">conf/default/jbossmq-state.xml</attribute>
  </mbean>

  <!-- The PersistenceManager is used to store messages to disk. -->
  <mbean code="org.jboss.mq.pm.file.PersistenceManager"
	 name="JBossMQ:service=PersistenceManager">
    <attribute name="DataDirectory">db/jbossmq/</attribute>
  </mbean>

  <!-- 
     | InvocationLayers are the different transport methods that can 
     | be used to access the server.
   -->
  <mbean code="org.jboss.mq.il.jvm.JVMServerILService"
	 name="JBossMQ:service=InvocationLayer,type=JVM">
    <attribute name="ConnectionFactoryJNDIRef">java:/ConnectionFactory</attribute>
    <attribute name="XAConnectionFactoryJNDIRef">java:/XAConnectionFactory</attribute>
    <attribute name="PingPeriod">0</attribute>
  </mbean>

  <mbean code="org.jboss.mq.il.rmi.RMIServerILService"
	 name="JBossMQ:service=InvocationLayer,type=RMI"> 
    <attribute name="ConnectionFactoryJNDIRef">RMIConnectionFactory</attribute>
    <attribute name="XAConnectionFactoryJNDIRef">RMIXAConnectionFactory</attribute>
    <attribute name="PingPeriod">60000</attribute>
  </mbean>

  <mbean code="org.jboss.mq.il.oil.OILServerILService"
	 name="JBossMQ:service=InvocationLayer,type=OIL">
    <attribute name="ConnectionFactoryJNDIRef">ConnectionFactory</attribute>
    <attribute name="XAConnectionFactoryJNDIRef">XAConnectionFactory</attribute>
    <attribute name="ServerBindPort">8090</attribute>
    <attribute name="PingPeriod">60000</attribute>
  </mbean>

  <mbean code="org.jboss.mq.il.uil.UILServerILService"
	 name="JBossMQ:service=InvocationLayer,type=UIL">
    <attribute name="ConnectionFactoryJNDIRef">UILConnectionFactory</attribute>
    <attribute name="XAConnectionFactoryJNDIRef">UILXAConnectionFactory</attribute>
    <attribute name="ServerBindPort">8091</attribute>
    <attribute name="PingPeriod">60000</attribute>
  </mbean>

  <!-- 
     | The following three line create 3 topics named: 
     |
     |   testTopic, example, bob
   -->
  <mbean code="org.jboss.mq.server.TopicManager"
	 name="JBossMQ:service=Topic,name=testTopic"/>
  <mbean code="org.jboss.mq.server.TopicManager"
	 name="JBossMQ:service=Topic,name=example"/>
  <mbean code="org.jboss.mq.server.TopicManager" 
	 name="JBossMQ:service=Topic,name=bob"/>

  <!-- 
     | The following 9 line create 9 topics named: 
     |
     |   testQueue, controlQueue, A, B, C, D, E, F, ex
   -->
  <mbean code="org.jboss.mq.server.QueueManager" 
	 name="JBossMQ:service=Queue,name=testQueue"/>
  <mbean code="org.jboss.mq.server.QueueManager"
	 name="JBossMQ:service=Queue,name=controlQueue"/>
  <mbean code="org.jboss.mq.server.QueueManager"
	 name="JBossMQ:service=Queue,name=A"/>
  <mbean code="org.jboss.mq.server.QueueManager"
	 name="JBossMQ:service=Queue,name=B"/>
  <mbean code="org.jboss.mq.server.QueueManager"
	 name="JBossMQ:service=Queue,name=C"/>
  <mbean code="org.jboss.mq.server.QueueManager"
	 name="JBossMQ:service=Queue,name=D"/>
  <mbean code="org.jboss.mq.server.QueueManager"
	 name="JBossMQ:service=Queue,name=E"/>
  <mbean code="org.jboss.mq.server.QueueManager"
	 name="JBossMQ:service=Queue,name=F"/>
  <mbean code="org.jboss.mq.server.QueueManager"
	 name="JBossMQ:service=Queue,name=ex"/>
  <mbean code="org.jboss.mq.server.QueueManager"
	 name="JBossMQ:service=Queue,name=DLQ"/>

</server>
