<?xml version='1.0' encoding='utf-8'?>
<address-book>
    <contact type="individual">
        <name>Zane Pasolini</name>
        <address>999 W. Prince St.</address>
        <city>New York</city>
        <province>NY</province>
        <postalcode>10013</postalcode>
        <country>USA</country>
        <telephone>+1 212 345 6789</telephone>
    </contact>
    <contact type="business">
        <name>SAMOFIX d.o.o.</name>
        <address>Ilica 47-2</address>
        <city>Zagreb</city>
        <province></province>
        <postalcode>10000</postalcode>
        <country>Croatia</country>
        <telephone>+385 1 123 4567</telephone>
    </contact>
</address-book>
