<?xml version="1.0"?>

<digester-rules>
 <pattern value="book">
	 <object-create-rule classname="com.manning.commons.chapter04.Book"/>
	 <set-properties-rule/>	 
 </pattern>
 <pattern value="book/author">
   <object-create-rule classname="com.manning.commons.chapter04.Author"/>
   <set-properties-rule/>
   <call-method-rule methodname="setName" paramcount="1"/>   
 </pattern>
 <call-param-rule pattern="book/author/name" paramnumber="0"/>
 <set-next-rule pattern="book/author" methodname="addAuthor"/>
</digester-rules>