<project name="Commons-Modeler Ant Tasks" default="all" basedir=".">
  
  <taskdef name="mbeans-descriptors" 
  				 classname="org.apache.commons.modeler.ant.RegistryTask"/>
  <taskdef name="mbean" 
  				 classname="org.apache.commons.modeler.ant.MLETTask"/>
  <taskdef name="jmx-operation" 
  				 classname="org.apache.commons.modeler.ant.JmxInvoke"/>
  <taskdef name="jmx-attribute"
  				 classname="org.apache.commons.modeler.ant.JmxSet"/>
  
  <target name="buildRegistry">
    <mbeans-descriptors file="timer_app_11.8.xml" out="output.txt"/>
  </target>
  
  <target name="createMBean">

    <mbean name="DefaultDomain:name=HtmlAdapterServer" 
    			 code="com.sun.jdmk.comm.HtmlAdaptorServer">
    </mbean>
    
    <jmx-operation objectName="DefaultDomain:name=HtmlAdapterServer" 
    							 operation="start"/>

    <mbean name="DefaultDomain:name=timerApp" 
    			 code="com.manning.commons.chapter11.TimerApplication">
      <arg type="long" value="3000"/>
      <arg type="java.lang.String" value="Hello! The Time is now: "/>
    </mbean>
    <input>Press Return key to continue...</input>
  </target>
  
  <target name="setAttribute">
    <jmx-attribute objectName="DefaultDomain:name=timerApp" 
    							 attribute="message" 
    							 value="THE TIME IS NOW: "/>
    <input>Press Return key to continue...</input>
  </target>
    
  <target name="all" depends="buildRegistry, createMBean, setAttribute" />
  
</project>
