<?xml version="1.0"?>
<mealplan startDate="2004-03-21" endDate="2004-03-28">
  <meal weekday="0" mealType="0" name="Spicy Pasta">
    <ingredient key="PAS" alternate="None">Pasta</ingredient>
    <ingredient key="TMT" alternate="Tomato Paste">Tomatoes</ingredient>
  </meal>
  <meal weekday="1" mealType="2" name="Honey Chicken">
    <ingredient key="CHK" alternate="None">Chicken</ingredient>
    <ingredient key="HNY" alternate="Sugar Syrup">Honey</ingredient>
  </meal>
  <meal weekday="2" mealType="2" name="Butter Chicken">
    <ingredient key="CHK" alternate="None">Chicken</ingredient>
    <ingredient key="BUT" alternate="Margarine">Butter</ingredient>
  </meal> 
</mealplan>