<?xml version="1.0"?>
<!DOCTYPE mbeans-descriptors PUBLIC
 "-//Apache Software Foundation//DTD Model MBeans Configuration File"
 "http://jakarta.apache.org/commons/dtds/mbeans-descriptors.dtd">

<mbeans-descriptors>                                                   

  <mbean name="TimerApplication"                                       
         description="Prints Time and message after a delay"
         type="com.manning.commons.chapter11.TimerApplicationOriginal">

    <attribute name="delay"                                            
               description="Delay in Milli Seconds"
               type="int"/>

    <attribute name="message"                                          
               description="Message to Print"
               type="java.lang.String">
      <descriptor>
        <field name="name" value="message" />
        <field name="descriptorType" value="attribute" />
        <field name="displayName" value="Msg" />
      </descriptor>
    </attribute>
    
    <constructor displayName="Constructor 1"
    						 name="TimerApplication">    
      <parameter name="delay"
      					 description="Delay in milliseconds"
      					 type="int" />
      <parameter name="message" 
      					 description="Message to print"
      					 type="java.lang.String" />    
    </constructor>
    
    <operation   name="setDelay"
          description="Set the value of the Delay attribute"
               impact="ACTION"
           returnType="void">
      <parameter name="delay"
          description="Delay in milliseconds"
                 type="long"/>
    </operation>    

  </mbean>

</mbeans-descriptors>
