<!DOCTYPE form-validation PUBLIC
     "-//Apache Software Foundation//DTD Commons Validator Rules Configuration 1.2.0//EN"
     "http://jakarta.apache.org/commons/dtds/validator_1_2_0.dtd">
<form-validation>

	<global>
		<validator 
			name="required"
			classname="com.manning.commons.chapter06.ValidatorWrapper"
			method="doRequired"
			methodParams="java.lang.Object, org.apache.commons.validator.Field"
			msg=""/>

	</global>
	
  <formset>
    <form name="simpleform">
      <field property="firstName" depends="required"></field>
      <field property="lastName" depends="required"></field>
    </form>
  </formset>
  
</form-validation>