<!DOCTYPE form-validation PUBLIC
     "-//Apache Software Foundation//DTD Commons Validator Rules Configuration 1.2.0//EN"
     "http://jakarta.apache.org/commons/dtds/validator_1_2_0.dtd">
<form-validation>

	<global>
		<validator 
			name="required"
			classname="com.manning.commons.chapter06.ValidatorWrapper"
			method="doRequired"
			methodParams="java.lang.Object, org.apache.commons.validator.Field"
			msg=""/>

		<validator 
			name="numeric"
			classname="com.manning.commons.chapter06.ValidatorWrapper"
			method="doNumeric"
			methodParams="java.lang.Object, org.apache.commons.validator.Field"
			msg=""/>

		<validator 
			name="date"
			classname="com.manning.commons.chapter06.ValidatorWrapper"
			method="doDate"
			methodParams="java.lang.Object, org.apache.commons.validator.Field"
			msg=""/>

		<validator 
			name="range"
			classname="com.manning.commons.chapter06.ValidatorWrapper"
			method="doRange"
			methodParams="java.lang.Object, org.apache.commons.validator.Field"
			msg=""/>

		<validator 
			name="email"
			classname="com.manning.commons.chapter06.ValidatorWrapper"
			method="doEmail"
			methodParams="java.lang.Object, org.apache.commons.validator.Field"
			msg=""/>

		<validator 
			name="url"
			classname="com.manning.commons.chapter06.ValidatorWrapper"
			method="doURL"
			methodParams="java.lang.Object, org.apache.commons.validator.Field"
			msg=""/>

		<validator 
			name="regExp"
			classname="com.manning.commons.chapter06.ValidatorWrapper"
			method="doRegExp"
			methodParams="java.lang.Object, org.apache.commons.validator.Field"
			msg=""/>

		<validator 
			name="creditCard"
			classname="com.manning.commons.chapter06.ValidatorWrapper"
			method="doCreditCard"
			methodParams="java.lang.Object, org.apache.commons.validator.Field"
			msg=""/>

		<validator 
			name="isbn"
			classname="com.manning.commons.chapter06.ValidatorWrapper"
			method="doISBN"
			methodParams="java.lang.Object, org.apache.commons.validator.Field"
			msg=""/>

	</global>
	
  <formset>
    <form name="webform">
      <field property="required" depends="required"></field>    
      <field property="numeric"  depends="numeric"></field>    
      <field property="date"     depends="date">
        <var>
          <var-name>datePattern</var-name>
          <var-value>MM/DD/yyyy</var-value>
        </var>      
      </field>    
      <field property="range"    depends="range">
        <var>
          <var-name>min</var-name>
          <var-value>20</var-value>
        </var>
        <var>
          <var-name>max</var-name>
          <var-value>40</var-value>
        </var>
      </field>  
      <field property="email"    depends="email"></field>    
      <field property="url"      depends="url"></field>    
      <field property="regExp"   depends="regExp">
				<var>
					<var-name>expression</var-name>
					<var-value>^.*\b(master|commander)\b.*$</var-value>
				</var>
      </field>    
      <field property="cc"       depends="creditCard"></field>    
      <field property="isbn"     depends="isbn"></field>    
      <field property="multi"    depends="required, email"></field>          
    </form>
  </formset>
  
</form-validation>